name,datetime,tempmax,tempmin,temp,feelslikemax,feelslikemin,feelslike,dew,humidity,precip,precipprob,precipcover,preciptype,snow,snowdepth,windgust,windspeed,winddir,sealevelpressure,cloudcover,visibility,solarradiation,solarenergy,uvindex,severerisk,sunrise,sunset,moonphase,conditions,description,icon,stations
istanbul,2024-12-25,14.4,10.7,12.2,14.4,10.7,12.2,9.8,85.6,2.145,100,8.33,rain,0,0,28.1,19.8,31.2,1009.8,86.3,11.9,39.7,3.5,3,10,2024-12-25T08:27:42,2024-12-25T17:41:05,0.82,"Rain, Partially cloudy",Partly cloudy throughout the day with rain clearing later.,rain,"17068099999,D8508,LTBA,17063099999,17119099999,17061099999,remote,17064099999,17060099999,LTFJ"
istanbul,2024-12-26,12.8,9.5,11,12.8,5.8,10,9.4,89.9,1.587,100,12.5,rain,0,0,57.6,33.7,36.6,1017.7,80.5,11.9,22.9,1.9,1,10,2024-12-26T08:28:02,2024-12-26T17:41:45,0.85,"Rain, Partially cloudy",Partly cloudy throughout the day with rain.,rain,"17068099999,D8508,LTBA,17119099999,17063099999,17061099999,17022399999,17064099999,17060099999,LTFJ"
istanbul,2024-12-27,8.8,4.5,6.5,4.9,1,2.8,4.8,88.9,11.041,100,16.67,rain,0,0,59.4,35.5,24.8,1022.6,89.4,10.7,13.8,1,1,10,2024-12-27T08:28:21,2024-12-27T17:42:26,0.89,"Rain, Partially cloudy",Partly cloudy throughout the day with a chance of rain throughout the day.,rain,"D8508,LTBA,17063099999,17119099999,17061099999,17064099999,17060099999"
istanbul,2024-12-28,8.5,5.2,6.9,4.8,2.3,3.3,5,87.6,2.565,100,16.67,rain,0,0,54,32,29.2,1022,87.8,14.4,17.1,1.5,1,10,2024-12-28T08:28:37,2024-12-28T17:43:09,0.92,"Rain, Partially cloudy",Partly cloudy throughout the day with a chance of rain throughout the day.,rain,"D8508,LTBA,17063099999,17119099999,17061099999,17064099999,17060099999"
istanbul,2024-12-29,8.1,6.9,7.5,4.7,3.1,3.9,5.5,87,1.013,100,16.67,rain,0,0,51.5,30.1,24.6,1024.4,88.7,16.1,16.6,1.4,1,10,2024-12-29T08:28:51,2024-12-29T17:43:54,0.95,"Rain, Partially cloudy",Partly cloudy throughout the day with a chance of rain throughout the day.,rain,"D8508,LTBA,17063099999,17119099999,17061099999,17064099999,17060099999"
istanbul,2024-12-30,7.4,5.6,6.5,5.1,2.7,3.9,4.4,86.7,0.48,100,12.5,rain,0,0,41,19.9,18.4,1027.4,75.8,15.9,24.3,2.1,1,10,2024-12-30T08:29:03,2024-12-30T17:44:41,0.98,"Rain, Partially cloudy",Partly cloudy throughout the day with a chance of rain throughout the day.,rain,"D8508,LTBA,17063099999,17119099999,17061099999,17064099999,17060099999"
istanbul,2024-12-31,9.8,4.4,6.8,9.3,2.9,6.2,4.5,85.9,0,0,0,,0,0,21.2,9,6.1,1031.2,34.9,15,33.6,3.1,3,10,2024-12-31T08:29:12,2024-12-31T17:45:29,0,Partially cloudy,Partly cloudy throughout the day.,partly-cloudy-day,"D8508,LTBA,17063099999,17119099999,17061099999,17064099999,17060099999,LTFJ"
istanbul,2025-01-01,11.8,2.8,6.6,11.8,2.8,6.6,4.3,85.7,0,0,0,,0,0,35.8,8.3,224,1031.9,3,9,76.5,6.7,4,10,2025-01-01T08:29:19,2025-01-01T17:46:19,0.05,Clear,Clear conditions throughout the day.,clear-day,"D8508,LTBA,17063099999,17119099999,17061099999,17064099999,17060099999"
istanbul,2025-01-02,12.3,4.6,8.7,12.3,4.6,8.4,5,78.6,0,0,0,,0,0,32.4,13.5,216.1,1027.1,14,11.3,86.2,7.6,4,10,2025-01-02T08:29:24,2025-01-02T17:47:11,0.09,Clear,Clear conditions throughout the day.,clear-day,"D8508,17063099999,17119099999,17061099999,17064099999,17060099999"
istanbul,2025-01-03,14.7,9.8,12.1,14.7,8.5,12,7.3,72.4,0,0,0,rain,0,0,46.1,16.5,225.2,1019.9,39,22.4,97.9,8.4,4,10,2025-01-03T08:29:27,2025-01-03T17:48:04,0.12,Partially cloudy,Partly cloudy throughout the day.,partly-cloudy-day,"D8508,17063099999,17061099999,17064099999,17060099999"
istanbul,2025-01-04,12.7,6.1,9.5,12.7,2.7,8.1,6.9,84.1,3.469,100,12.5,rain,0,0,40.7,18.6,353.1,1019.1,87.1,19.5,20.1,1.8,2,10,2025-01-04T08:29:27,2025-01-04T17:48:59,0.16,"Rain, Partially cloudy",Partly cloudy throughout the day with a chance of rain throughout the day.,rain,"D8508,17063099999,17119099999,17061099999,17064099999,17060099999"
istanbul,2025-01-05,9.2,6.3,7.5,8.2,3.7,5.8,3.8,77,0.844,100,8.33,rain,0,0,34.2,17.6,52.9,1022.6,81.6,13.9,39.4,3.4,3,10,2025-01-05T08:29:26,2025-01-05T17:49:55,0.19,"Rain, Partially cloudy",Partly cloudy throughout the day with rain clearing later.,rain,"D8508,17063099999,17061099999,17064099999,17060099999"
istanbul,2025-01-06,11.1,4.2,7.8,11.1,4.2,7.6,5.4,85.2,0,0,0,,0,0,25.2,9.9,220.5,1021.8,31.1,11.9,82.8,7.1,4,10,2025-01-06T08:29:21,2025-01-06T17:50:53,0.23,Partially cloudy,Partly cloudy throughout the day.,partly-cloudy-day,"D8508,17063099999,17119099999,17061099999,17064099999,17060099999"
istanbul,2025-01-07,15.9,8.7,12.7,15.9,8.3,12.5,7.7,72.2,0,0,0,,0,0,31.7,13.2,218.9,1021.2,34.8,18.3,109.1,9.4,4,10,2025-01-07T08:29:15,2025-01-07T17:51:52,0.25,Partially cloudy,Partly cloudy throughout the day.,partly-cloudy-day,"D8508,17063099999,17061099999,17064099999,17060099999"
istanbul,2025-01-08,17,12.5,14.7,17,12.5,14.7,9.6,71.7,0,0,0,,0,0,37.4,14,223.7,1020.9,59,21.6,89.7,7.7,4,10,2025-01-08T08:29:06,2025-01-08T17:52:52,0.3,Partially cloudy,Partly cloudy throughout the day.,partly-cloudy-day,"LTBA,17063099999,17061099999,17064099999,17060099999,LTFJ"
istanbul,2025-01-09,16.8,11,13.4,16.8,11,13.4,9,75.4,0,0,0,,0,0,29.2,8.6,216,1020.5,14.4,19.4,93.1,8.1,4,10,2025-01-09T08:28:55,2025-01-09T17:53:54,0.34,Clear,Clear conditions throughout the day.,clear-day,"17063099999,17119099999,17061099999,17064099999,17060099999"
istanbul,2025-01-10,16.3,8.9,12.3,16.3,8.9,12.3,7.8,74.6,0,0,0,,0,0,24.5,9.2,202.7,1015.2,28.1,16.5,95.7,8.2,4,10,2025-01-10T08:28:42,2025-01-10T17:54:56,0.37,Partially cloudy,Partly cloudy throughout the day.,partly-cloudy-day,"LTBA,17063099999,17061099999,17064099999,17060099999,LTFJ"
istanbul,2025-01-11,13.1,6.7,9.1,13.1,3.4,7.4,7.1,87.5,7.634,100,8.33,rain,0,0,36.4,20.4,24.8,1015.7,83.9,13.6,11.3,0.9,1,10,2025-01-11T08:28:26,2025-01-11T17:56:00,0.41,"Rain, Partially cloudy",Partly cloudy throughout the day with rain.,rain,"D8508,17063099999,17061099999,17064099999,17060099999"
istanbul,2025-01-12,8,5,6.7,6.7,1.4,4.2,5.6,92.9,7.691,100,16.67,rain,0,0,38.9,19.6,16.3,1018.3,89.8,9,9.7,0.8,1,10,2025-01-12T08:28:08,2025-01-12T17:57:05,0.44,"Rain, Partially cloudy",Partly cloudy throughout the day with a chance of rain throughout the day.,rain,"D8508,17063099999,17061099999,17064099999,17060099999"
istanbul,2025-01-13,6.1,4.7,5.3,1.8,0.2,1.1,4,91.6,19.176,100,12.5,rain,0,0.1,51.5,32.4,35.1,1025.8,90,9.6,13.4,1.2,1,10,2025-01-13T08:27:48,2025-01-13T17:58:11,0.48,"Rain, Partially cloudy",Partly cloudy throughout the day with a chance of rain throughout the day.,rain,"D8508,17063099999,17061099999,17064099999,17060099999"
istanbul,2025-01-14,7.1,5.1,6,3.8,0.7,2.1,4.4,89,7.726,100,12.5,rain,0,0,52.9,29.7,54,1029,89.7,14.5,18.3,1.5,1,10,2025-01-14T08:27:26,2025-01-14T17:59:18,0.5,"Rain, Partially cloudy",Partly cloudy throughout the day with a chance of rain throughout the day.,rain,"D8508,LTBA,17063099999,17061099999,17064099999,17060099999,LTFJ"
istanbul,2025-01-15,7.4,4.9,6.3,4.3,1.1,2.4,4.8,90.1,3.451,100,12.5,rain,0,0,49.7,30.6,41.8,1022.4,90,12.3,13.4,1.2,1,10,2025-01-15T08:27:01,2025-01-15T18:00:26,0.55,"Rain, Partially cloudy",Partly cloudy throughout the day with a chance of rain throughout the day.,rain,"D8508,17063099999,17061099999,17064099999,17060099999"
istanbul,2025-01-16,6.6,4.5,5.7,4.1,1.6,2.8,3.9,88.6,5.411,100,12.5,rain,0,0,37.4,20.4,31,1031.9,79.9,14.4,12.1,1.1,1,10,2025-01-16T08:26:35,2025-01-16T18:01:34,0.58,"Rain, Partially cloudy",Partly cloudy throughout the day with a chance of rain throughout the day.,rain,"D8508,17063099999,17061099999,17064099999,17060099999"
istanbul,2025-01-17,9.5,3.7,5.7,9,2.5,5.1,2.6,80.9,0,0,0,,0,0,22.3,10.1,11.1,1036.6,28.1,15.6,78.2,6.7,5,10,2025-01-17T08:26:06,2025-01-17T18:02:44,0.61,Partially cloudy,Partly cloudy throughout the day.,partly-cloudy-day,"D8508,17063099999,17061099999,17064099999,17060099999"
istanbul,2025-01-18,9.3,2.5,5.3,8.5,2.5,5,3,85.4,0,0,0,,0,0,15.1,9.8,290.3,1031,6.9,10.1,94.4,8.1,5,10,2025-01-18T08:25:35,2025-01-18T18:03:54,0.64,Clear,Clear conditions throughout the day.,clear-day,"D8508,17063099999,17061099999,17064099999,17060099999"
istanbul,2025-01-19,10.6,3.5,6.4,10.6,3.5,6.2,4.4,87.3,0,0,0,,0,0,16.9,9.5,340.9,1026.9,9,9.7,111.3,9.6,5,10,2025-01-19T08:25:01,2025-01-19T18:05:05,0.67,Clear,Clear conditions throughout the day.,clear-day,"17063099999,17061099999,17064099999,17060099999"
istanbul,2025-01-20,8.8,3.5,6.2,6.5,0.9,4.5,3.1,81,0.044,100,4.17,rain,0,0,29.9,18.5,50.8,1026.5,25.2,16.2,71.3,6.1,3,10,2025-01-20T08:24:26,2025-01-20T18:06:16,0.71,"Rain, Partially cloudy",Partly cloudy throughout the day with morning rain.,rain,"LTBA,17063099999,17119099999,17061099999,17064099999,17060099999"
istanbul,2025-01-21,10.3,5.4,7.6,10.3,2.9,6.6,4.8,82.9,0,0,0,,0,0,35.3,16.9,47.7,1021.8,66.3,17.3,62.4,5.4,4,10,2025-01-21T08:23:49,2025-01-21T18:07:28,0.75,Partially cloudy,Partly cloudy throughout the day.,partly-cloudy-day,"D8508,17063099999,17061099999,17064099999,17060099999"
istanbul,2025-01-22,12.8,7.4,9.9,12.8,7.2,9.8,7.5,85.2,0.184,100,8.33,rain,0,0,18,6.7,232.7,1018.7,64.6,9.7,54.2,4.6,2,10,2025-01-22T08:23:09,2025-01-22T18:08:41,0.77,"Rain, Partially cloudy",Partly cloudy throughout the day with rain clearing later.,rain,"D8508,LTBA,17063099999,17119099999,17061099999,17064099999,17060099999,LTFJ"
istanbul,2025-01-23,12.3,5.9,8.7,12.3,5.9,8.6,7.3,91.1,0,0,0,,0,0,19.8,9.5,236,1020,59.1,4.4,55.4,4.8,3,10,2025-01-23T08:22:28,2025-01-23T18:09:54,0.8,Partially cloudy,Partly cloudy throughout the day.,partly-cloudy-day,"D8508,LTBA,17063099999,17119099999,17061099999,17064099999,17060099999,LTFJ"
istanbul,2025-01-24,14.5,6.9,10.9,14.5,6.9,10.8,8,82.9,0,0,0,,0,0,25.9,11.2,232.2,1019.2,59.7,13.6,125.3,10.8,5,10,2025-01-24T08:21:45,2025-01-24T18:11:07,0.83,Partially cloudy,Partly cloudy throughout the day.,partly-cloudy-day,"D8508,LTBA,17063099999,17061099999,17064099999,17060099999,LTFJ"
istanbul,2025-01-25,11.9,6,8.9,11.9,4.6,8.2,7.1,88.2,3.604,100,12.5,rain,0,0,28.4,16.4,23.1,1020.6,80.3,12.6,16.4,1.5,1,10,2025-01-25T08:20:59,2025-01-25T18:12:21,0.87,"Rain, Partially cloudy",Partly cloudy throughout the day with a chance of rain throughout the day.,rain,"D8508,17063099999,17061099999,17064099999,17060099999"
istanbul,2025-01-26,10.3,4.8,7.2,10.3,3.7,6.6,5.3,88.3,0.438,100,4.17,rain,0,0,24.8,15.4,21.8,1025.1,33.6,16,56,4.8,5,10,2025-01-26T08:20:12,2025-01-26T18:13:35,0.9,"Rain, Partially cloudy",Becoming cloudy in the afternoon with morning rain.,rain,"D8508,17063099999,17061099999,17064099999,17060099999"
istanbul,2025-01-27,12.4,4.8,8.2,12.4,4.8,8.2,6.5,89.5,0.044,100,4.17,rain,0,0,20.2,7.2,220,1022.9,40.2,6.6,102.6,8.7,5,10,2025-01-27T08:19:23,2025-01-27T18:14:49,0.93,"Rain, Partially cloudy",Partly cloudy throughout the day with morning rain.,rain,"D8508,17063099999,17061099999,17064099999,17060099999"
istanbul,2025-01-28,14,6,10,14,6,9.9,7.1,82.7,0,0,0,,0,0,25.2,12.6,213.4,1019.9,15.9,10.5,137.8,11.9,5,10,2025-01-28T08:18:32,2025-01-28T18:16:04,0.96,Clear,Clear conditions throughout the day.,clear-day,"D8508,17063099999,17061099999,17064099999,17060099999"
istanbul,2025-01-29,17.1,9.8,13.2,17.1,9.8,13.2,8.4,73.4,0,0,0,,0,0,33.1,13.6,225.1,1020.9,8.5,18.7,123.4,10.6,5,10,2025-01-29T08:17:39,2025-01-29T18:17:19,0,Clear,Clear conditions throughout the day.,clear-day,"17063099999,17061099999,17064099999,17060099999"
istanbul,2025-01-30,16.3,9.4,12.8,16.3,9.4,12.8,7.3,70,0,0,0,,0,0,22,5.8,176.8,1023.3,63.4,18.2,76.8,6.7,3,10,2025-01-30T08:16:44,2025-01-30T18:18:34,0.03,Partially cloudy,Partly cloudy throughout the day.,partly-cloudy-day,"17063099999,17119099999,17061099999,17064099999,17060099999"
istanbul,2025-01-31,14.6,9.4,11.3,14.6,9.4,11.3,8.2,81.2,0,0,0,,0,0,20.5,14.8,215.9,1023.7,60.5,10,100.8,8.6,4,10,2025-01-31T08:15:47,2025-01-31T18:19:49,0.07,Partially cloudy,Partly cloudy throughout the day.,partly-cloudy-day,"LTBA,17063099999,17061099999,17064099999,17060099999,LTFJ"
istanbul,2025-02-01,12.4,7.5,9.2,12.4,5.9,8.7,7.8,91.4,0,0,0,,0,0,24.8,20,9.2,1026.7,39.4,3.9,81.4,7,4,10,2025-02-01T08:14:49,2025-02-01T18:21:04,0.1,Partially cloudy,Becoming cloudy in the afternoon.,partly-cloudy-day,"D8508,LTBA,17063099999,17061099999,17064099999,17060099999,LTFJ"
istanbul,2025-02-02,12,7.3,9,12,6.4,8.1,6.4,84,0.044,100,4.17,rain,0,0,26.1,16.6,49.6,1026.4,79.2,16.8,75.7,6.6,6,10,2025-02-02T08:13:49,2025-02-02T18:22:19,0.14,"Rain, Partially cloudy",Partly cloudy throughout the day with morning rain.,rain,"D8508,LTBA,17063099999,17061099999,17064099999,17060099999,LTFJ"
istanbul,2025-02-03,9.9,5.1,7.5,9.1,2.9,6.5,5.8,89.4,0.179,100,4.17,rain,0,0,36.4,20,18.4,1021.3,71.4,9,34.7,3.1,2,10,2025-02-03T08:12:47,2025-02-03T18:23:35,0.17,"Rain, Partially cloudy",Partly cloudy throughout the day with late afternoon rain.,rain,"D8508,17063099999,17061099999,17064099999,17060099999"
istanbul,2025-02-04,7,4.9,6.1,3.1,1.4,2.2,1,70.5,0.747,100,8.33,rain,0,0,46.8,27.2,35.7,1026.3,83.3,16,34,3.1,2,10,2025-02-04T08:11:44,2025-02-04T18:24:50,0.21,"Rain, Partially cloudy",Partly cloudy throughout the day with rain clearing later.,rain,"D8508,17063099999,17061099999,17064099999,17060099999"
istanbul,2025-02-05,5.4,2.3,4.2,2.9,-1.2,0.6,-0.7,70.9,0.856,100,12.5,"rain,snow",0,0,49,25.2,13.2,1026.7,87.6,14.1,96.1,8.3,4,10,2025-02-05T08:10:39,2025-02-05T18:26:05,0.25,"Snow, Rain, Partially cloudy",Partly cloudy throughout the day with rain or snow.,rain,"D8508,17063099999,17061099999,17064099999,17060099999"
istanbul,2025-02-06,4.9,1.6,3,0.7,-2.6,-1,0,80.9,3.053,100,16.67,"rain,snow",0.8,0,50.8,31,5.9,1029.4,83.4,16.6,30.2,2.7,2,10,2025-02-06T08:09:33,2025-02-06T18:27:20,0.28,"Snow, Rain, Partially cloudy",Partly cloudy throughout the day with a chance of rain or snow throughout the day.,snow,"D8508,17063099999,17119099999,17061099999,17064099999,17060099999"
istanbul,2025-02-07,4.3,1.3,2.8,0.8,-3,-0.9,1.4,90.6,11.996,100,16.67,"rain,snow",0.7,0,49.7,26,13.1,1033.8,87.7,12.9,15.2,1.3,1,10,2025-02-07T08:08:25,2025-02-07T18:28:35,0.31,"Snow, Rain, Partially cloudy",Partly cloudy throughout the day with a chance of rain or snow throughout the day.,snow,"D8508,17063099999,17061099999,17064099999,17060099999"
istanbul,2025-02-08,5.3,2.7,4.1,1.7,-1.9,0.1,2.5,89.6,8.95,100,16.67,rain,0,0,48.6,25.5,23.9,1032.7,89.4,16.2,28.3,2.4,1,10,2025-02-08T08:07:15,2025-02-08T18:29:50,0.35,"Rain, Partially cloudy",Partly cloudy throughout the day with a chance of rain throughout the day.,rain,"D8508,LTBA,17063099999,17061099999,17064099999,17060099999,LTFJ"
istanbul,2025-02-09,5.2,3.3,4.3,2.6,-1.2,0.5,1.6,82.4,2.892,100,12.5,rain,0,0,50.8,26.4,24.8,1029.6,89.1,23.8,27.6,2.3,1,10,2025-02-09T08:06:04,2025-02-09T18:31:05,0.39,"Rain, Partially cloudy",Partly cloudy throughout the day with a chance of rain throughout the day.,rain,"D8508,17063099999,17119099999,17061099999,17064099999,17060099999"
istanbul,2025-02-10,5.2,2.6,3.8,1.8,-1.6,0.2,0.8,81.5,1.54,100,16.67,rain,0,0,38.9,23.4,31.4,1028.3,89,19.3,23.3,2,2,10,2025-02-10T08:04:52,2025-02-10T18:32:20,0.42,"Rain, Partially cloudy",Partly cloudy throughout the day with a chance of rain throughout the day.,rain,"D8508,LTBA,17063099999,17061099999,17064099999,17060099999,LTFJ"
istanbul,2025-02-11,2.9,1.4,2.2,2.9,-2.3,-0.2,0.4,87.8,5.985,100,12.5,"rain,snow",0,0,40,21.4,2,1029,81.3,13.6,88.7,7.6,4,10,2025-02-11T08:03:38,2025-02-11T18:33:34,0.46,"Snow, Rain, Partially cloudy",Partly cloudy throughout the day with a chance of rain or snow throughout the day.,rain,"D8508,LTBA,17063099999,17119099999,17061099999,17064099999,17060099999,LTFJ"
istanbul,2025-02-12,4.8,0,2.5,2.6,-2.8,0.3,1.4,92.4,21.407,100,16.67,"rain,snow",0.1,0,41.3,27.2,9.8,1028.7,80.1,8.6,13.6,1,1,10,2025-02-12T08:02:23,2025-02-12T18:34:48,0.5,"Snow, Rain, Partially cloudy",Partly cloudy throughout the day with a chance of rain or snow throughout the day.,snow,"D8508,LTBA,17063099999,17061099999,17064099999,17060099999,LTFJ"
istanbul,2025-02-13,7.6,3.3,5.3,6.8,1.1,4.1,1.7,77.6,3.007,100,8.33,rain,0,0,31.7,13.2,354.7,1027.3,50.8,16.5,79.6,6.8,3,10,2025-02-13T08:01:06,2025-02-13T18:36:03,0.53,"Rain, Partially cloudy",Partly cloudy throughout the day with rain clearing later.,rain,"D8508,LTBA,17063099999,17061099999,17064099999,17060099999"
istanbul,2025-02-14,10.6,3.4,7.2,10.6,2.9,6.7,2,70.9,0.044,100,4.17,rain,0,0,25.9,12.2,201.3,1021,75.5,14.2,140.1,12.1,5,10,2025-02-14T07:59:49,2025-02-14T18:37:16,0.56,"Rain, Partially cloudy",Partly cloudy throughout the day with morning rain.,rain,"17063099999,17061099999,17064099999,17060099999"
istanbul,2025-02-15,12.4,7.1,9.4,12.4,4,8.5,5.9,79.3,2.462,100,8.33,rain,0,0,34.6,17.7,354.3,1017.1,88.2,14.8,97.9,8.4,4,10,2025-02-15T07:58:30,2025-02-15T18:38:30,0.59,"Rain, Partially cloudy",Partly cloudy throughout the day with rain.,rain,"D8508,17063099999,17061099999,17064099999,17060099999"
istanbul,2025-02-16,9.3,6.5,7.3,7.8,3.7,5,6.1,92.2,2.303,100,12.5,rain,0,0,28.8,17.3,45.3,1017.1,89.9,9.4,18.1,1.5,1,10,2025-02-16T07:57:10,2025-02-16T18:39:43,0.62,"Rain, Partially cloudy",Partly cloudy throughout the day with a chance of rain throughout the day.,rain,"D8508,LTBA,17063099999,17119099999,17061099999,17064099999,17060099999,LTFJ"
istanbul,2025-02-17,6.5,4.9,5.6,4.1,0.9,2.3,4.6,93,9.602,100,8.33,rain,0,0,37.4,26.1,48.8,1016.9,90,13.8,17.9,1.5,1,10,2025-02-17T07:55:48,2025-02-17T18:40:56,0.66,"Rain, Partially cloudy",Partly cloudy throughout the day with rain.,rain,"D8508,17063099999,17061099999,17064099999,17060099999"
istanbul,2025-02-18,6.8,4.1,5.4,3.4,-0.1,1.6,2.7,83.4,4.868,100,12.5,rain,0,0,47.9,23.5,59.2,1020.5,89.2,21.4,40.1,3.4,2,10,2025-02-18T07:54:26,2025-02-18T18:42:09,0.69,"Rain, Partially cloudy",Partly cloudy throughout the day with a chance of rain throughout the day.,rain,"D8508,17063099999,17061099999,17064099999,17060099999"
istanbul,2025-02-19,4.9,1.1,3.1,2.5,-5,-0.7,0.9,85.6,14.06,100,12.5,"rain,snow",0,0,53.3,35.4,26.3,1024.8,84.5,17.1,30.7,2.7,2,10,2025-02-19T07:53:02,2025-02-19T18:43:22,0.72,"Snow, Rain, Partially cloudy",Partly cloudy throughout the day with rain or snow.,rain,"D8508,17063099999,17061099999,17064099999,17060099999"
istanbul,2025-02-20,2.3,0.5,1.5,-1.6,-4.7,-2.9,-2.1,77.8,3.024,100,12.5,"rain,snow",0.6,0.1,48.6,26.5,24,1030.9,85,15.1,47.1,3.9,3,10,2025-02-20T07:51:38,2025-02-20T18:44:34,0.75,"Snow, Rain, Partially cloudy",Partly cloudy throughout the day with a chance of rain or snow throughout the day.,snow,"D8508,LTBA,17063099999,17119099999,17061099999,17064099999,17060099999,LTFJ"
istanbul,2025-02-21,3.2,-0.9,0.4,-0.7,-5.8,-3.3,-2.1,83.7,7.528,100,16.67,"rain,snow",4.6,1.2,50,27.1,13.5,1032.7,79.8,11.6,56,4.9,7,10,2025-02-21T07:50:12,2025-02-21T18:45:46,0.78,"Snow, Rain, Partially cloudy",Partly cloudy throughout the day with a chance of rain or snow throughout the day.,snow,"D8508,LTBA,17063099999,17061099999,17064099999,17060099999,LTFJ"
istanbul,2025-02-22,1.9,-1.2,-0.1,-0.9,-6.6,-3.6,-2.4,84.7,2.173,100,12.5,"rain,snow",4.9,1.2,45.5,28.7,24.5,1034.2,80.3,18.5,143.8,12.4,8,10,2025-02-22T07:48:45,2025-02-22T18:46:57,0.82,"Snow, Rain, Partially cloudy",Partly cloudy throughout the day with a chance of rain or snow throughout the day.,snow,"D8508,17063099999,17061099999,17064099999,17060099999"
istanbul,2025-02-23,1.8,-2.9,-0.4,0.9,-3.6,-1.3,-2.8,84.3,1.227,100,12.5,"rain,snow",0.4,0.9,28.1,14.8,14.4,1034.8,73.1,11.8,86.1,7.3,8,10,2025-02-23T07:47:18,2025-02-23T18:48:08,0.85,"Snow, Rain, Partially cloudy",Partly cloudy throughout the day with a chance of rain or snow throughout the day.,snow,"D8508,17063099999,17061099999,17064099999,17060099999"
istanbul,2025-02-24,5,-2.2,1,5,-2.9,0.4,-4,71.2,0.641,100,8.33,"rain,snow",0,0.4,16.9,8.2,97.8,1033,27.8,16.9,193.1,16.7,7,10,2025-02-24T07:45:49,2025-02-24T18:49:19,0.88,"Snow, Rain, Partially cloudy",Partly cloudy throughout the day with rain or snow clearing later.,rain,"D8508,17063099999,17061099999,17064099999,17060099999"
istanbul,2025-02-25,7.8,-0.1,3.6,7.4,-1.6,2.8,-0.4,75.7,0,0,0,,0,0.1,26.3,8.4,222.5,1025.7,42.7,12.5,154.9,13.3,6,10,2025-02-25T07:44:20,2025-02-25T18:50:30,0.91,Partially cloudy,Partly cloudy throughout the day.,partly-cloudy-day,"D8508,17063099999,17061099999,17064099999,17060099999"
istanbul,2025-02-26,11.1,1.5,6.2,11.1,1.5,6.1,2.6,78.6,0,0,0,rain,0,0,18,11.5,194.3,1023.6,35,12.3,151.4,13.1,5,10,2025-02-26T07:42:50,2025-02-26T18:51:40,0.95,Partially cloudy,Partly cloudy throughout the day.,partly-cloudy-day,"D8508,17063099999,17119099999,17061099999,17064099999,17060099999"
istanbul,2025-02-27,14.1,4.6,8.9,14.1,4.6,8.9,4.5,74.9,0,0,0,,0,0,13.7,8,116.1,1022.1,79.6,11.8,125.4,10.9,5,10,2025-02-27T07:41:19,2025-02-27T18:52:51,0.98,Partially cloudy,Partly cloudy throughout the day.,partly-cloudy-day,"D8508,17063099999,17061099999,17064099999,17060099999"
istanbul,2025-02-28,14.4,7.1,9.4,14.4,4.3,8.2,5.5,77,0,0,0,,0,0,28.8,31.2,30.2,1020.3,84.9,11.1,124,10.6,4,10,2025-02-28T07:39:47,2025-02-28T18:54:00,0,Partially cloudy,Partly cloudy throughout the day.,partly-cloudy-day,"LTBA,17063099999,17061099999,17064099999,17060099999,LTFJ"
istanbul,2025-03-01,10.1,5.2,7.4,10.1,1.9,5.4,4,79.3,0.119,100,4.17,rain,0,0,29.8,16.6,37.9,1024.6,40.7,17.2,191.8,16.6,7,10,2025-03-01T07:38:14,2025-03-01T18:55:10,0.05,"Rain, Partially cloudy",Clearing in the afternoon with morning rain.,rain,"D8508,LTBA,17063099999,17119099999,17061099999,17064099999,17060099999"
istanbul,2025-03-02,10.4,4.5,7.1,10.4,3,6,4.5,83.9,0.367,100,4.17,rain,0,0,29.9,25.7,20.6,1023.9,65.5,12.2,95.6,8.3,5,10,2025-03-02T07:36:41,2025-03-02T18:56:19,0.08,"Rain, Partially cloudy",Partly cloudy throughout the day with late afternoon rain.,rain,"D8508,LTBA,17063099999,17119099999,17061099999,17064099999,17060099999,LTFJ"
istanbul,2025-03-03,6.9,5.6,6.2,4,1.8,3,3.1,81,2.562,100,16.67,rain,0,0,42.5,22.2,33.6,1025.4,85.9,16.3,80.2,6.9,4,10,2025-03-03T07:35:07,2025-03-03T18:57:28,0.12,"Rain, Partially cloudy",Partly cloudy throughout the day with a chance of rain throughout the day.,rain,"D8508,LTBA,17063099999,17119099999,17061099999,17064099999,17060099999"
istanbul,2025-03-04,8.1,4.9,6.1,4.6,1.5,2.6,1.7,73.8,0.043,100,4.17,rain,0,0,42.5,27,50.3,1025.9,67.7,19.2,119.8,10.5,4,10,2025-03-04T07:33:33,2025-03-04T18:58:36,0.15,"Rain, Partially cloudy",Partly cloudy throughout the day with morning rain.,rain,"D8508,LTBA,17063099999,17119099999,17061099999,17064099999,17060099999"
istanbul,2025-03-05,9.9,3.2,6.4,7.3,0.8,3.8,2.1,74.3,0,0,0,,0,0,34.2,21.8,43.8,1027.8,9.8,17.9,188.1,16.3,7,10,2025-03-05T07:31:58,2025-03-05T18:59:45,0.19,Clear,Clear conditions throughout the day.,clear-day,"D8508,LTBA,17063099999,17119099999,17061099999,17064099999,17060099999"
istanbul,2025-03-06,11,2.6,6.9,11,0.9,6,2.3,74.1,0,0,0,,0,0,23.4,16.4,356.6,1028.7,28.3,14.3,212,18.2,7,10,2025-03-06T07:30:22,2025-03-06T19:00:53,0.25,Partially cloudy,Partly cloudy throughout the day.,partly-cloudy-day,"D8508,LTBA,17063099999,17119099999,17061099999,17064099999,17060099999"
istanbul,2025-03-07,10.8,4,7.2,10.8,1.7,5.5,0.5,63,0,0,0,,0,0,34.6,24,33.3,1024.1,18.6,15.5,207.8,17.9,7,10,2025-03-07T07:28:46,2025-03-07T19:02:00,0.26,Clear,Clear conditions throughout the day.,clear-day,"LTBA,17063099999,17119099999,17061099999,17064099999,17060099999"
istanbul,2025-03-08,10.6,5.4,7.6,10.6,3.2,5.9,5.4,86.2,0,0,0,,0,0,32,23.6,26.9,1016.6,46.9,10.1,186.4,16.2,7,10,2025-03-08T07:27:09,2025-03-08T19:03:08,0.29,Partially cloudy,Partly cloudy throughout the day.,partly-cloudy-day,"D8508,LTBA,17063099999,17119099999,17061099999,17064099999,17060099999"
istanbul,2025-03-09,11.8,5.7,8.3,11.8,4.7,7.7,6.1,86.1,0,0,0,,0,0,23.4,12.1,333.7,1014.9,46.6,11.4,216.5,18.7,7,10,2025-03-09T07:25:32,2025-03-09T19:04:15,0.33,Partially cloudy,Partly cloudy throughout the day.,partly-cloudy-day,"D8508,LTBA,17063099999,17119099999,17061099999,17064099999,17060099999"
istanbul,2025-03-10,16.4,4.9,10.4,16.4,4.9,10.4,6.3,77.8,0,0,0,,0,0,23,10.6,225.7,1016.7,0.6,7.4,222.2,19.2,7,10,2025-03-10T07:23:54,2025-03-10T19:05:22,0.36,Clear,Clear conditions throughout the day.,clear-day,"D8508,LTBA,17063099999,17119099999,17061099999,17064099999,17060099999"
istanbul,2025-03-11,19.8,9.5,14,19.8,8.8,14,6.7,63.8,0,0,0,,0,0,33.8,12.6,243.7,1016,27.9,15.4,207.2,17.9,7,10,2025-03-11T07:22:16,2025-03-11T19:06:29,0.4,Partially cloudy,Partly cloudy throughout the day.,partly-cloudy-day,"LTBA,17063099999,17119099999,17061099999,17064099999,17060099999"
istanbul,2025-03-12,21.4,12,16.9,21.4,12,16.9,7,53.6,0,0,0,,0,0,35.6,15,245.6,1013.8,67.2,20.3,182.6,15.8,7,10,2025-03-12T07:20:37,2025-03-12T19:07:35,0.43,Partially cloudy,Partly cloudy throughout the day.,partly-cloudy-day,"LTBA,17063099999,17119099999,17061099999,17064099999,17060099999,LTFJ"
istanbul,2025-03-13,23,13.9,18.5,23,13.9,18.5,6.2,46.2,0,0,0,,0,0,35.5,10.9,199.8,1011.4,66.1,17.4,172.3,14.8,6,10,2025-03-13T07:18:59,2025-03-13T19:08:42,0.47,Partially cloudy,Partly cloudy throughout the day.,partly-cloudy-day,"LTBA,17063099999,17119099999,17061099999,17064099999,17060099999,LTFJ"
istanbul,2025-03-14,23.9,15.7,19.2,23.9,15.7,19.2,6.3,43.6,0,0,0,,0,0,27,9.5,237.3,1014.6,28.4,11.5,213.5,18.6,7,10,2025-03-14T07:17:20,2025-03-14T19:09:48,0.5,Partially cloudy,Partly cloudy throughout the day.,partly-cloudy-day,"LTBA,17063099999,17119099999,17061099999,17064099999,17060099999"
istanbul,2025-03-15,25.4,13.8,18.9,25.4,13.8,18.9,8.4,52.8,0,0,0,,0,0,24.5,10.5,216.6,1017,51.4,18.4,210.9,18.2,7,10,2025-03-15T07:15:40,2025-03-15T19:10:53,0.54,Partially cloudy,Partly cloudy throughout the day.,partly-cloudy-day,"LTBA,17063099999,17119099999,17061099999,17064099999,17060099999,LTFJ"
istanbul,2025-03-16,25.6,18.3,21.5,25.6,18.3,21.5,7.3,40.7,0,0,0,,0,0,34.6,14.3,242.5,1011.2,56.8,16.7,188.3,16.3,6,10,2025-03-16T07:14:01,2025-03-16T19:11:59,0.57,Partially cloudy,Partly cloudy throughout the day.,partly-cloudy-day,"LTBA,17063099999,17119099999,17061099999,17064099999,17060099999,LTFJ"
istanbul,2025-03-17,18.2,9.6,13.8,18.2,7.3,13.7,8.6,71.9,0.175,100,4.17,rain,0,0,29.9,19.8,17.8,1008.5,70.5,13.8,169.2,14.6,6,10,2025-03-17T07:12:21,2025-03-17T19:13:05,0.6,"Rain, Partially cloudy",Partly cloudy throughout the day with late afternoon rain.,rain,"D8508,LTBA,17063099999,17119099999,17061099999,17064099999,17060099999"
istanbul,2025-03-18,9.5,2.6,6.4,8.2,-3.1,2.8,4.6,88.3,12.173,100,16.67,"rain,snow",0,0,63,35.7,21.7,1018.1,89.3,10.5,19,1.6,1,10,2025-03-18T07:10:41,2025-03-18T19:14:10,0.63,"Snow, Rain, Partially cloudy",Partly cloudy throughout the day with a chance of rain or snow throughout the day.,rain,"D8508,LTBA,17063099999,17119099999,17061099999,17064099999,17060099999"
istanbul,2025-03-19,6.5,4,5.1,2.5,-0.9,0.8,-2.4,58.6,1.092,100,8.33,rain,0,0,57.2,37.9,28.4,1028.6,72.7,20.4,196.3,17,7,10,2025-03-19T07:09:01,2025-03-19T19:15:15,0.67,"Rain, Partially cloudy",Partly cloudy throughout the day with rain clearing later.,rain,"D8508,LTBA,17063099999,17119099999,17061099999,17064099999,17060099999"
istanbul,2025-03-20,8.5,4.2,6.1,6.4,2.5,4.6,2,75,1.34,100,12.5,rain,0,0,43.9,20.9,17.9,1029.4,83.6,18.5,95.4,8.3,3,10,2025-03-20T07:07:20,2025-03-20T19:16:20,0.7,"Rain, Partially cloudy",Partly cloudy throughout the day with rain.,rain,"D8508,LTBA,17063099999,17119099999,17061099999,17064099999,17060099999"
istanbul,2025-03-21,10.4,4.8,7.5,10.4,3.4,6.8,2.3,70.2,0.264,100,12.5,rain,0,0,30.6,18.3,28.9,1027.5,52.7,17.8,149.1,12.9,6,10,2025-03-21T07:05:40,2025-03-21T19:17:25,0.73,"Rain, Partially cloudy",Partly cloudy throughout the day with a chance of rain throughout the day.,rain,"D8508,LTBA,17063099999,17119099999,17061099999,17064099999,17060099999"
istanbul,2025-03-22,11,2.6,7.3,11,2.6,6.9,1.3,67,0,0,0,,0,0,26.3,15.5,2,1024.3,9,17.5,240.2,21,8,10,2025-03-22T07:03:59,2025-03-22T19:18:30,0.75,Clear,Clear conditions throughout the day.,clear-day,"LTBA,17063099999,17119099999,17061099999,17064099999,17060099999"
istanbul,2025-03-23,17.4,5,11,17.4,5,11,2.4,59.1,0,0,0,rain,0,0,24.8,7.5,192.2,1023.3,54.9,15.8,228.2,19.6,8,10,2025-03-23T07:02:19,2025-03-23T19:19:34,0.8,Partially cloudy,Partly cloudy throughout the day.,partly-cloudy-day,"LTBA,17063099999,17119099999,17061099999,17064099999,17060099999"
istanbul,2025-03-24,16.9,12.1,14.6,16.9,12.1,14.6,7.9,64.2,0.176,100,12.5,rain,0,0,46.1,15.4,241.1,1023.1,87.2,19.4,166.3,14.4,6,10,2025-03-24T07:00:38,2025-03-24T19:20:39,0.83,"Rain, Partially cloudy",Partly cloudy throughout the day with rain.,rain,"LTBA,17063099999,17119099999,17061099999,17064099999,17060099999"
istanbul,2025-03-25,19.6,13.6,16.3,19.6,13.6,16.3,6.5,52.7,0,0,0,,0,0,44.6,13.9,253.6,1021.1,70.4,21.7,118,10.3,4,10,2025-03-25T06:58:58,2025-03-25T19:21:43,0.87,Partially cloudy,Partly cloudy throughout the day.,partly-cloudy-day,"LTBA,17063099999,17119099999,17061099999,17064099999,17060099999"
istanbul,2025-03-26,19.6,12.4,15.5,19.6,12.4,15.5,8.1,63.1,0,0,0,,0,0,20.9,6.2,218.7,1016.5,73.7,19.1,161.8,13.9,7,10,2025-03-26T06:57:18,2025-03-26T19:22:48,0.9,Partially cloudy,Partly cloudy throughout the day.,partly-cloudy-day,"LTBA,17063099999,17119099999,17061099999,17064099999,17060099999,LTFJ"
istanbul,2025-03-27,17.4,12.1,14.4,17.4,12.1,14.4,7.2,62.1,0,0,0,,0,0,29.2,21.3,25.9,1010.6,69.2,16.7,114.7,9.7,4,10,2025-03-27T06:55:37,2025-03-27T19:23:52,0.93,Partially cloudy,Partly cloudy throughout the day.,partly-cloudy-day,"17068099999,LTBA,17063099999,17119099999,17061099999,17064099999,17060099999,LTFJ"
istanbul,2025-03-28,14.6,10.4,12.8,14.6,10.4,12.8,8.6,76.3,0.99,100,4.17,rain,0,0,45.7,33.3,7.7,1004.1,92.8,10.6,144.5,12.5,6,10,2025-03-28T06:53:57,2025-03-28T19:24:56,0.96,"Rain, Overcast",Cloudy skies throughout the day with late afternoon rain.,rain,"D8508,LTBA,17063099999,17119099999,17061099999,17064099999,17060099999,LTFJ"
istanbul,2025-03-29,17.2,10.2,13,17.2,10.2,13,10.4,85,3.492,100,12.5,rain,0,0,20.5,8.8,349,1005.1,70.3,9.5,142.8,12.4,8,10,2025-03-29T06:52:17,2025-03-29T19:26:00,0,"Rain, Partially cloudy",Partly cloudy throughout the day with rain.,rain,"D8508,LTBA,17063099999,17119099999,17061099999,17064099999,17060099999"
istanbul,2025-03-30,15.2,9.7,12,15.2,9.7,12,9.1,82.9,0.048,100,4.17,rain,0,0,22.3,15.1,27.3,1007.6,77.5,10.2,191.8,16.3,7,10,2025-03-30T06:50:37,2025-03-30T19:27:04,0.03,"Rain, Partially cloudy",Partly cloudy throughout the day with afternoon rain.,rain,"D8508,LTBA,17063099999,17119099999,17061099999,17064099999,17060099999"
istanbul,2025-03-31,16.2,9.3,12.3,16.2,8,12,9.3,82.7,1.674,100,12.5,rain,0,0,28.1,17.7,41.2,1009.2,75.1,8.3,203.3,17.6,10,10,2025-03-31T06:48:58,2025-03-31T19:28:08,0.07,"Rain, Partially cloudy",Partly cloudy throughout the day with rain.,rain,"D8508,LTBA,17063099999,17119099999,17061099999,17064099999,17060099999,LTFJ"
istanbul,2025-04-01,13.4,9.7,11.3,13.4,7.4,11.2,9.5,88.8,2.12,100,12.5,rain,0,0,32.8,17.5,22.2,1008.4,86.4,7.5,37.2,3.1,1,10,2025-04-01T06:47:18,2025-04-01T19:29:12,0.1,"Rain, Partially cloudy",Partly cloudy throughout the day with a chance of rain throughout the day.,rain,"D8508,LTBA,17063099999,17119099999,17061099999,17064099999,17060099999,LTFJ"
istanbul,2025-04-02,11.1,9.6,10.2,11.1,7.5,9.5,9,92.3,0.348,100,12.5,rain,0,0,31,18.1,23.1,1008.3,85.7,6.8,39.3,3.3,2,10,2025-04-02T06:45:39,2025-04-02T19:30:16,0.13,"Rain, Partially cloudy",Partly cloudy throughout the day with rain.,rain,"D8508,LTBA,17063099999,17119099999,17061099999,17064099999,17060099999"
istanbul,2025-04-03,12.5,9.8,10.9,12.5,8.9,10.9,8.8,86.9,0.212,100,8.33,rain,0,0,21.2,11.7,359.6,1016.4,84,15.2,164.2,14.1,6,10,2025-04-03T06:44:00,2025-04-03T19:31:20,0.17,"Rain, Partially cloudy",Partly cloudy throughout the day with rain clearing later.,rain,"D8508,LTBA,17063099999,17119099999,17061099999,17064099999,17060099999"
istanbul,2025-04-04,14.9,7.5,11,14.9,6.8,10.7,7.4,78.7,0,0,0,,0,0,23.3,15.1,27.3,1016,35.4,16,223.6,19.3,8,10,2025-04-04T06:42:22,2025-04-04T19:32:23,0.2,Partially cloudy,Becoming cloudy in the afternoon.,partly-cloudy-day,"D8508,LTBA,17063099999,17119099999,17061099999,17064099999,17060099999"
istanbul,2025-04-05,14.7,7,10.5,14.7,5.7,10.2,8.4,87,0,0,0,rain,0,0,27,10.9,247.9,1009.5,60,9.4,187.8,16.2,8,10,2025-04-05T06:40:43,2025-04-05T19:33:27,0.25,Partially cloudy,Partly cloudy throughout the day.,partly-cloudy-day,"D8508,LTBA,17063099999,17119099999,17061099999,17064099999,17060099999"
istanbul,2025-04-06,18.4,6.2,11.6,18.4,2.2,10.6,8.2,80.6,3.636,100,4.17,rain,0,0,45.4,26,331.7,1007.1,64.5,14.4,241.9,20.8,8,10,2025-04-06T06:39:06,2025-04-06T19:34:31,0.27,"Rain, Partially cloudy",Partly cloudy throughout the day with late afternoon rain.,rain,"LTBA,17063099999,17119099999,17061099999,17064099999,17060099999"
istanbul,2025-04-07,7.5,4.4,5.9,4.9,0.1,2.4,4.5,90.7,16.553,100,16.67,rain,0,0,58.3,31.9,27.3,1013,89.4,12.3,54.2,4.7,2,10,2025-04-07T06:37:28,2025-04-07T19:35:35,0.31,"Rain, Partially cloudy",Partly cloudy throughout the day with a chance of rain throughout the day.,rain,"D8508,LTBA,17063099999,17119099999,17061099999,17064099999,17060099999"
istanbul,2025-04-08,8.8,3.8,6.3,5.7,1.5,3.5,1.4,71.5,0.879,100,8.33,rain,0,0,37.4,22,43.5,1021.6,73.3,12.9,140.3,12,6,10,2025-04-08T06:35:51,2025-04-08T19:36:39,0.34,"Rain, Partially cloudy",Partly cloudy throughout the day with rain clearing later.,rain,"D8508,LTBA,17063099999,17119099999,17061099999,17064099999,17060099999"
istanbul,2025-04-09,9.3,5.8,7.2,7.6,2.9,5.3,-0.2,59.8,0.012,100,4.17,rain,0,0,32.8,17.7,30,1019.4,80.8,13.8,202.1,17.5,7,10,2025-04-09T06:34:15,2025-04-09T19:37:43,0.37,"Rain, Partially cloudy",Partly cloudy throughout the day with morning rain.,rain,"LTBA,17063099999,17119099999,17061099999,17064099999,17060099999"
istanbul,2025-04-10,12.8,4.7,9,12.8,3.1,8.3,3.1,67.2,0.291,100,4.17,rain,0,0,47.5,16.5,219.2,1015.3,58,19,238.9,20.5,8,10,2025-04-10T06:32:39,2025-04-10T19:38:46,0.41,"Rain, Partially cloudy",Partly cloudy throughout the day with afternoon rain.,rain,"LTBA,17063099999,17119099999,17061099999,17064099999,17060099999"
istanbul,2025-04-11,8,3.1,5.9,5.8,-0.9,3.1,-2.4,56.7,3.634,100,8.33,rain,0,0,76,28,309,1014.9,66,14.8,243.2,20.9,8,10,2025-04-11T06:31:04,2025-04-11T19:39:50,0.44,"Rain, Partially cloudy",Partly cloudy throughout the day with rain clearing later.,rain,"D8508,LTBA,17063099999,17119099999,17061099999,17064099999,17060099999"
istanbul,2025-04-12,8.9,5,7.8,7,4.3,6,2.3,69.1,3.004,100,12.5,rain,0,0,38.5,18.5,283.7,1014.3,75.3,16,91.6,8,5,10,2025-04-12T06:29:29,2025-04-12T19:40:54,0.48,"Rain, Partially cloudy",Partly cloudy throughout the day with rain.,rain,"D8508,LTBA,17063099999,17119099999,17061099999,17064099999,17060099999"
istanbul,2025-04-13,12.5,2.5,7.7,12.5,1.3,7.5,3,72.8,0.599,100,4.17,rain,0,0,22.3,14.4,325.5,1021.7,17.4,17.7,233,20.1,7,10,2025-04-13T06:27:55,2025-04-13T19:41:58,0.5,Rain,Clear conditions throughout the day with morning rain.,rain,"D8508,LTBA,17063099999,17119099999,17061099999,17064099999,17060099999"
istanbul,2025-04-14,12.8,5,9.3,12.8,5,8.8,3.5,67.6,0,0,0,,0,0,37.4,20,59.4,1024.2,44.6,16.7,249.3,21.3,8,10,2025-04-14T06:26:21,2025-04-14T19:43:02,0.55,Partially cloudy,Partly cloudy throughout the day.,partly-cloudy-day,"LTBA,17063099999,17119099999,17061099999,17064099999,17060099999"
istanbul,2025-04-15,15,6.1,10.6,15,4.1,9.9,5.1,69.6,0,0,0,,0,0,31.1,19.3,33.5,1024.5,23.4,17.8,291.8,25.1,9,10,2025-04-15T06:24:48,2025-04-15T19:44:06,0.58,Partially cloudy,Partly cloudy throughout the day.,partly-cloudy-day,"D8508,LTBA,17063099999,17119099999,17061099999,17064099999,17060099999"
istanbul,2025-04-16,16.9,9.3,12.7,16.9,8.6,12.5,6.2,65.2,0,0,0,,0,0,29.9,19.9,17.4,1024.8,16.9,19.9,280.2,24.2,9,10,2025-04-16T06:23:16,2025-04-16T19:45:10,0.61,Clear,Clear conditions throughout the day.,clear-day,"LTBA,17063099999,17119099999,17061099999,17064099999,17060099999"
istanbul,2025-04-17,16.5,9.5,12.6,16.5,7.9,12.5,8.3,75.5,0,0,0,,0,0,31.3,23.6,32.8,1023,18.3,14,285.3,24.5,9,10,2025-04-17T06:21:45,2025-04-17T19:46:13,0.65,Clear,Clear conditions throughout the day.,clear-day,"D8508,LTBA,17063099999,17119099999,17061099999,17064099999,17060099999"
istanbul,2025-04-18,18.4,8.6,11.6,18.4,6.3,10.4,8.5,82.7,0,0,0,,0,0,29.6,20.2,29.1,1016.2,52.5,10.9,260.6,22.7,8,10,2025-04-18T06:20:14,2025-04-18T19:47:17,0.68,Partially cloudy,Partly cloudy throughout the day.,partly-cloudy-day,"D8508,LTBA,17063099999,17119099999,17061099999,17064099999,17060099999,LTFJ"
istanbul,2025-04-19,13.5,9.1,10.6,13.5,7.1,9.9,8.7,88.1,0,0,0,rain,0,0,28.1,13.8,24.4,1012.6,68.3,12.3,65.8,5.9,2,10,2025-04-19T06:18:44,2025-04-19T19:48:21,0.71,Partially cloudy,Partly cloudy throughout the day.,partly-cloudy-day,"D8508,LTBA,17063099999,17119099999,17061099999,17064099999,17060099999"
istanbul,2025-04-20,15.7,8.8,12,15.7,8.8,12,8.8,81,0,0,0,,0,0,19.3,13.1,330.8,1013.9,47.7,16,270.9,23.4,8,10,2025-04-20T06:17:15,2025-04-20T19:49:25,0.75,Partially cloudy,Partly cloudy throughout the day.,partly-cloudy-day,"D8508,LTBA,17063099999,17119099999,17061099999,17064099999,17060099999"
istanbul,2025-04-21,16.9,8.6,13.1,16.9,8.6,13.1,8.8,76.2,0,0,0,,0,0,25.9,16.6,21.1,1012.8,1.5,12.5,312.9,27,9,10,2025-04-21T06:15:47,2025-04-21T19:50:29,0.75,Clear,Clear conditions throughout the day.,clear-day,"D8508,LTBA,17063099999,17119099999,17061099999,17064099999,17060099999"
istanbul,2025-04-22,15.9,9.9,12.5,15.9,8.2,12.3,8.3,76.3,0,0,0,,0,0,34.2,23.5,33.1,1013.7,41.7,12.5,260.3,22.6,9,10,2025-04-22T06:14:19,2025-04-22T19:51:33,0.82,Partially cloudy,Partly cloudy throughout the day.,partly-cloudy-day,"D8508,LTBA,17063099999,17119099999,17061099999,17064099999,17060099999"
istanbul,2025-04-23,17.2,9.7,12.2,17.2,6.9,11.5,8.5,78.5,0,0,0,,0,0,40,33.5,38.6,1013.6,63.8,10.3,234.2,20.2,9,10,2025-04-23T06:12:53,2025-04-23T19:52:37,0.85,Partially cloudy,Partly cloudy throughout the day.,partly-cloudy-day,"D8508,LTBA,17063099999,17119099999,17061099999,17064099999,17060099999,LTFJ"
istanbul,2025-04-24,12.7,10,11.1,12.7,8,10.9,8.1,81.8,0,0,0,,0,0,35.3,26.3,40.8,1009.2,88,10,208.6,18.2,7,10,2025-04-24T06:11:27,2025-04-24T19:53:41,0.88,Partially cloudy,Partly cloudy throughout the day.,partly-cloudy-day,"D8508,LTBA,LTFJ"
istanbul,2025-04-25,14.4,9.7,12,14.4,7.7,11.6,8.8,81,0,0,0,rain,0,0,22,14.8,260.8,1009.2,59.3,12.8,115.6,9.8,5,10,2025-04-25T06:10:03,2025-04-25T19:54:44,0.92,Partially cloudy,Partly cloudy throughout the day.,partly-cloudy-day,"D8508,LTBA,LTFJ"
istanbul,2025-04-26,18.6,11,14.5,18.6,11,14.5,10.9,80,0.1,22.6,4.17,rain,0,0,24.1,14,208.6,1010.5,29.6,24,302,25.9,9,10,2025-04-26T06:08:39,2025-04-26T19:55:48,0.95,Partially cloudy,Becoming cloudy in the afternoon.,partly-cloudy-day,
istanbul,2025-04-27,14,10.2,12.5,14,10.2,12.5,9,79.9,2.5,0,16.67,rain,0,0,55.4,32.4,31.4,1018.4,61.2,24.1,191,16.4,7,10,2025-04-27T06:07:17,2025-04-27T19:56:52,0,Partially cloudy,Partly cloudy throughout the day.,partly-cloudy-day,
istanbul,2025-04-28,14.4,9.6,11.6,14.4,7,10.6,4.5,62.8,0,0,0,,0,0,62.6,36.4,45.4,1025.1,23.8,24.1,318.3,27.4,9,10,2025-04-28T06:05:56,2025-04-28T19:57:55,0.02,Partially cloudy,Partly cloudy throughout the day.,partly-cloudy-day,
istanbul,2025-04-29,13.1,9,10.8,13.1,6,9.7,4.9,67.4,0,0,0,,0,0,51.8,30.6,42.3,1022.7,78.4,24.1,257.5,22.3,9,10,2025-04-29T06:04:35,2025-04-29T19:58:59,0.05,Partially cloudy,Partly cloudy throughout the day.,partly-cloudy-day,
istanbul,2025-04-30,16.6,9.3,12.4,16.6,7.1,11.6,5,62.2,0,3.2,0,,0,0,50.8,29.5,49.5,1020.6,26,24.1,324.3,28.1,9,10,2025-04-30T06:03:16,2025-04-30T20:00:02,0.09,Partially cloudy,Clearing in the afternoon.,partly-cloudy-day,
istanbul,2025-05-01,16.2,10.8,13.1,16.2,10.8,13.1,7.4,68.5,0,19.4,0,,0,,59.8,40,50.3,1017.7,71.8,24.1,264.6,23,9,10,2025-05-01T06:01:58,2025-05-01T20:01:05,0.12,Partially cloudy,Partly cloudy throughout the day.,partly-cloudy-day,
istanbul,2025-05-02,13,11.7,12.2,13,11.7,12.2,10.1,87.1,10.4,19.4,29.17,rain,0,,43.6,26.6,39.5,1010.8,94.9,22,47,4.2,2,10,2025-05-02T06:00:41,2025-05-02T20:02:08,0.15,Overcast,Cloudy skies throughout the day.,cloudy,
istanbul,2025-05-03,15.1,11.3,12.6,15.1,11.3,12.6,10.3,85.9,1.3,9.7,12.5,rain,0,,27,17.6,238.5,1009.6,95.4,23,134.1,11.4,6,10,2025-05-03T05:59:26,2025-05-03T20:03:11,0.19,Overcast,Cloudy skies throughout the day.,cloudy,
istanbul,2025-05-04,14.6,11.8,13.1,14.6,11.8,13.1,10.4,84,0.2,19.4,8.33,rain,0,,27.4,20.2,228.2,1012.8,57.9,24.1,129.1,11.8,5,10,2025-05-04T05:58:12,2025-05-04T20:04:14,0.25,Partially cloudy,Partly cloudy throughout the day.,partly-cloudy-day,
istanbul,2025-05-05,20.4,13.2,16.3,20.4,13.2,16.3,10.3,68.7,1.4,25.8,8.33,rain,0,,17.6,10.4,175.4,1011,78.8,21.8,282,24.6,9,10,2025-05-05T05:56:59,2025-05-05T20:05:17,0.25,Partially cloudy,Partly cloudy throughout the day.,partly-cloudy-day,
istanbul,2025-05-06,19.8,13.9,17,19.8,13.9,17,11.1,69.7,0.2,9.7,4.17,rain,0,,14,11.5,209,1012.8,32.2,24.1,305.3,26.1,9,10,2025-05-06T05:55:47,2025-05-06T20:06:19,0.29,Partially cloudy,Partly cloudy throughout the day.,partly-cloudy-day,
istanbul,2025-05-07,22.1,15.7,18.9,22.1,15.7,18.9,10.9,60.4,0,6.5,0,,0,,17,10.3,124.9,1013.7,87,24.1,230.4,19.8,7,10,2025-05-07T05:54:37,2025-05-07T20:07:21,0.32,Partially cloudy,Partly cloudy throughout the day.,partly-cloudy-day,
istanbul,2025-05-08,18.5,14.5,16.9,18.5,14.5,16.9,12.2,74.2,0.9,12.9,12.5,rain,0,,34.9,21.2,39.6,1017.2,69,24.1,152,12.9,6,10,2025-05-08T05:53:28,2025-05-08T20:08:23,0.35,Partially cloudy,Partly cloudy throughout the day.,partly-cloudy-day,
istanbul,2025-05-09,17.9,13.3,15.1,17.9,13.3,15.1,11.6,80.1,0,12.9,0,,0,,48.2,25.2,51.8,1018.8,91.1,24.1,127.9,11,4,10,2025-05-09T05:52:21,2025-05-09T20:09:24,0.39,Overcast,Cloudy skies throughout the day.,cloudy,
istanbul,2025-05-10,19.8,12.4,16,0,0,7.6,10,69.7,1.3,0,0,,,1,23.8,19.8,141.4,1014.2,36.7,11.2,,,,,2025-05-10T05:51:15,2025-05-10T20:10:25,0.42,Partially cloudy,,partly-cloudy-day,
istanbul,2025-05-11,20.3,12.9,16.5,0,0,7.5,10.1,68.8,1.2,0,0,,,0,24.1,20.2,154.7,1014.9,29.7,11.5,,,,,2025-05-11T05:50:10,2025-05-11T20:11:26,0.46,Partially cloudy,,partly-cloudy-day,
istanbul,2025-05-12,21.4,13.2,17.3,0,0,26.7,10.5,66.7,0.9,0,0,,,1,29.5,20.5,140,1014,27.6,11.7,,,,,2025-05-12T05:49:07,2025-05-12T20:12:26,0.5,Partially cloudy,,partly-cloudy-day,
istanbul,2025-05-13,21.8,14,17.6,0,0,28.5,11.4,69.1,0.2,0,0,,,0,25.9,21.6,148.1,1012.5,35,11.9,,,,,2025-05-13T05:48:06,2025-05-13T20:13:26,0.52,Partially cloudy,,partly-cloudy-day,
istanbul,2025-05-14,21.9,13.8,17.8,0,0,27.4,11.2,67.5,0.5,0,0,,,0,28.4,21.6,146.6,1012,31.7,12.1,,,,,2025-05-14T05:47:06,2025-05-14T20:14:26,0.56,Partially cloudy,,partly-cloudy-day,
istanbul,2025-05-15,22.8,14.2,18.3,0,0,27.8,11.3,65.9,1.8,0,0,,,0,33.1,19.8,163.7,1012.3,24.8,11.8,,,,,2025-05-15T05:46:08,2025-05-15T20:15:24,0.59,Partially cloudy,,partly-cloudy-day,
istanbul,2025-05-16,23.2,14.5,19,0,0,27.8,10.8,61.6,0.6,0,0,,,0,23.8,19.4,149.9,1013.4,20.7,12,,,,,2025-05-16T05:45:11,2025-05-16T20:16:23,0.63,Partially cloudy,,partly-cloudy-day,
istanbul,2025-05-17,23.2,14.7,18.8,0,0,28.2,10.9,62.9,0.2,0,0,,,0,31.3,22.7,130.3,1013.5,23.5,11.6,,,,,2025-05-17T05:44:16,2025-05-17T20:17:21,0.66,Partially cloudy,,partly-cloudy-day,
istanbul,2025-05-18,22.3,14.9,18.3,0,0,22.3,11.8,67.9,0.8,0,0,,,0,32.8,20.9,129.6,1013.8,33.3,12.3,,,,,2025-05-18T05:43:23,2025-05-18T20:18:18,0.7,Partially cloudy,,partly-cloudy-day,
istanbul,2025-05-19,22.5,14.7,18.6,0,0,26.9,11.7,66.8,0,0,0,,,0,32.4,21.2,140.6,1014.4,37.1,12.1,,,,,2025-05-19T05:42:31,2025-05-19T20:19:15,0.73,Partially cloudy,,partly-cloudy-day,
istanbul,2025-05-20,23,15.2,19,0,0,27.3,11.7,65.4,0.9,0,0,,,0.2,28.1,21.6,144.4,1014.3,37.1,12,,,,,2025-05-20T05:41:41,2025-05-20T20:20:11,0.75,Partially cloudy,,partly-cloudy-day,
istanbul,2025-05-21,23.5,15.3,19.2,0,0,27.7,12.4,67.3,1.2,0,0,,,0,26.3,21.2,144.9,1014.3,33.7,11.8,,,,,2025-05-21T05:40:53,2025-05-21T20:21:06,0.8,Partially cloudy,,partly-cloudy-day,
istanbul,2025-05-22,23.1,15.7,19.4,0,0,27.4,13.2,69.5,1.3,0,0,,,0,27.7,19.4,139.9,1013.1,38.1,12.1,,,,,2025-05-22T05:40:07,2025-05-22T20:22:00,0.84,Partially cloudy,,partly-cloudy-day,
istanbul,2025-05-23,23.4,16.2,19.6,0,0,29.2,13.6,70.2,0.4,0,0,,,0,26.3,22,154.1,1013.1,34.5,12,,,,,2025-05-23T05:39:22,2025-05-23T20:22:54,0.87,Partially cloudy,,partly-cloudy-day,
istanbul,2025-05-24,22.4,15.5,19,0,0,27.3,13.3,71.4,1.8,0,0,,,1.8,32,23.4,149.4,1012.9,39.1,11.5,,,,,2025-05-24T05:38:40,2025-05-24T20:23:47,0.9,Partially cloudy,,partly-cloudy-day,
istanbul,2025-05-25,23.2,15.6,19.2,0,0,26.7,13.2,70.3,2.1,0,0,,,0.2,27.7,20.9,171.7,1012.3,38.2,11.9,,,,,2025-05-25T05:37:59,2025-05-25T20:24:39,0.94,Partially cloudy,,partly-cloudy-day,
